{"train_loss_VNet": 0.23160739243030548, "val_loss_VNet": 0.1741146445274353, "roc_auc_score_VNet": 0.8972914988072771, "_timestamp": 1718223681.664556, "_runtime": 624.6472051143646, "_step": 1}